method,parameter,max_support_size,total_features,score,mae,mse,features_names,feature_weights,feature_complexities,support_size
L0,0.241249,0.0,5,-7.014001911808531e+30,1.5757162346521145,3.1123529422712917,[],[-1.8362892223738063],[],0.0
L0,0.238836,1.0,5,-0.07254977592268741,1.081553301493731,1.6106505569157021,['F_1'],"[-1.2527196652719668, -3.1569]",[1.0],1.0
L0,0.181343,2.0,5,0.8783206902599328,0.4975718105081047,0.33759401574941234,"['F_1', 'F_3']","[-0.2606906438290588, -4.1489, -2.566]","[1.0, 1.0]",2.0
L0,0.0220732,3.0,5,0.9446711522906535,0.3537042049922596,0.163175855380272,"['F_1', 'F_3', 'F_4']","[-0.260527654818862, -3.6142, -2.2526, -1.3059]","[1.0, 1.0, 1.0]",3.0
L0,0.00683992,5.0,5,0.9999999926577086,0.00010703341456112801,2.2852496913714267e-08,"['F_0', 'F_1', 'F_2', 'F_3', 'F_4']","[4.0562988194992045e-06, -1.0005, -3.0003, -0.9999, -1.9998, -0.9997]","[1.0, 1.0, 1.0, 1.0, 1.0]",5.0
L0,4.10319e-09,5.0,5,0.9999999999999866,1.5597231336361146e-07,4.177563974948444e-14,"['F_0', 'F_1', 'F_2', 'F_3', 'F_4']","[-4.403539466402151e-08, -1.0, -3.0, -1.0, -2.0, -1.0]","[1.0, 1.0, 1.0, 1.0, 1.0]",5.0
L0,6.38593e-15,5.0,5,0.9999999999999953,8.972545566461187e-08,1.457453872526326e-14,"['F_0', 'F_1', 'F_2', 'F_3', 'F_4']","[-1.653483883146123e-08, -1.0, -3.0, -1.0, -2.0, -1.0]","[1.0, 1.0, 1.0, 1.0, 1.0]",5.0
L0,1.85617e-15,5.0,5,0.9999999999999978,6.923670242853306e-08,6.856114117146379e-15,"['F_0', 'F_1', 'F_2', 'F_3', 'F_4']","[-5.341190689733821e-08, -1.0, -3.0, -1.0, -2.0, -1.0]","[1.0, 1.0, 1.0, 1.0, 1.0]",5.0
L0,8.25378e-16,5.0,5,0.9999999999999989,4.887088286963795e-08,3.3133783707900388e-15,"['F_0', 'F_1', 'F_2', 'F_3', 'F_4']","[-2.6701324484790234e-08, -1.0, -3.0, -1.0, -2.0, -1.0]","[1.0, 1.0, 1.0, 1.0, 1.0]",5.0
L0,3.32296e-16,5.0,5,0.9999999999999994,3.554438108335547e-08,1.8755847154798837e-15,"['F_0', 'F_1', 'F_2', 'F_3', 'F_4']","[-3.2653681314442906e-08, -1.0, -3.0, -1.0, -2.0, -1.0]","[1.0, 1.0, 1.0, 1.0, 1.0]",5.0
L0,1.76571e-16,5.0,5,0.9999999999999996,3.177588755725271e-08,1.2339303426591245e-15,"['F_0', 'F_1', 'F_2', 'F_3', 'F_4']","[-2.3420522854422643e-08, -1.0, -3.0, -1.0, -2.0, -1.0]","[1.0, 1.0, 1.0, 1.0, 1.0]",5.0
L0,7.77721e-17,5.0,5,0.9999999999999998,2.396538383734221e-08,8.388228747768942e-16,"['F_0', 'F_1', 'F_2', 'F_3', 'F_4']","[-1.68284395307694e-08, -1.0, -3.0, -1.0, -2.0, -1.0]","[1.0, 1.0, 1.0, 1.0, 1.0]",5.0
L0,2.87044e-17,5.0,5,0.9999999999999998,2.0431151913700887e-08,5.473408827635436e-16,"['F_0', 'F_1', 'F_2', 'F_3', 'F_4']","[-1.4435323603123607e-08, -1.0, -3.0, -1.0, -2.0, -1.0]","[1.0, 1.0, 1.0, 1.0, 1.0]",5.0
L0,2.29635e-17,5.0,5,0.9999999999999999,1.6003426376417343e-08,3.6882450664188803e-16,"['F_0', 'F_1', 'F_2', 'F_3', 'F_4']","[-1.1215099959827057e-08, -1.0, -3.0, -1.0, -2.0, -1.0]","[1.0, 1.0, 1.0, 1.0, 1.0]",5.0
L0,1.62686e-17,5.0,5,0.9999999999999999,1.3742680077974991e-08,2.426361849838776e-16,"['F_0', 'F_1', 'F_2', 'F_3', 'F_4']","[-1.022671658468255e-08, -1.0, -3.0, -1.0, -2.0, -1.0]","[1.0, 1.0, 1.0, 1.0, 1.0]",5.0
L0,1.08174e-17,5.0,5,1.0,1.100000740207098e-08,1.704670599807555e-16,"['F_0', 'F_1', 'F_2', 'F_3', 'F_4']","[-7.507563459796529e-09, -1.0, -3.0, -1.0, -2.0, -1.0]","[1.0, 1.0, 1.0, 1.0, 1.0]",5.0
L0,6.08539e-18,5.0,5,1.0,9.096781268761382e-09,1.112057457981401e-16,"['F_0', 'F_1', 'F_2', 'F_3', 'F_4']","[-5.767383015609084e-09, -1.0, -3.0, -1.0, -2.0, -1.0]","[1.0, 1.0, 1.0, 1.0, 1.0]",5.0
L0,4.0535100000000006e-18,5.0,5,1.0,7.2053468949260505e-09,7.496290547023028e-17,"['F_0', 'F_1', 'F_2', 'F_3', 'F_4']","[-4.816597787282717e-09, -1.0, -3.0, -1.0, -2.0, -1.0]","[1.0, 1.0, 1.0, 1.0, 1.0]",5.0
L0,3.10249e-18,5.0,5,1.0,6.166026191983362e-09,4.909055209219913e-17,"['F_0', 'F_1', 'F_2', 'F_3', 'F_4']","[-4.546662157878245e-09, -1.0, -3.0, -1.0, -2.0, -1.0]","[1.0, 1.0, 1.0, 1.0, 1.0]",5.0
L0,2.02577e-18,5.0,5,1.0,4.949288850513047e-09,3.4551096456116506e-17,"['F_0', 'F_1', 'F_2', 'F_3', 'F_4']","[-3.337503828859667e-09, -1.0, -3.0, -1.0, -2.0, -1.0]","[1.0, 1.0, 1.0, 1.0, 1.0]",5.0
L0,1.22227e-18,5.0,5,1.0,4.0921999595966595e-09,2.249245378249107e-17,"['F_0', 'F_1', 'F_2', 'F_3', 'F_4']","[-2.584867209165509e-09, -1.0, -3.0, -1.0, -2.0, -1.0]","[1.0, 1.0, 1.0, 1.0, 1.0]",5.0
L0,8.05827e-19,5.0,5,1.0,3.2412574104908e-09,1.5157559454819767e-17,"['F_0', 'F_1', 'F_2', 'F_3', 'F_4']","[-2.160868595169063e-09, -1.0, -3.0, -1.0, -2.0, -1.0]","[1.0, 1.0, 1.0, 1.0, 1.0]",5.0
L0,6.28634e-19,5.0,5,1.0,2.7733486720568427e-09,9.92630119893346e-18,"['F_0', 'F_1', 'F_2', 'F_3', 'F_4']","[-2.0454744564801786e-09, -1.0, -3.0, -1.0, -2.0, -1.0]","[1.0, 1.0, 1.0, 1.0, 1.0]",5.0
L0,4.07141e-19,5.0,5,1.0,2.2261996106641844e-09,6.986983342117555e-18,"['F_0', 'F_1', 'F_2', 'F_3', 'F_4']","[-1.4994443464644291e-09, -1.0, -3.0, -1.0, -2.0, -1.0]","[1.0, 1.0, 1.0, 1.0, 1.0]",5.0
L0,2.4789e-19,5.0,5,1.0,1.8404670697882921e-09,4.548548231389786e-18,"['F_0', 'F_1', 'F_2', 'F_3', 'F_4']","[-1.163007468107935e-09, -1.0, -3.0, -1.0, -2.0, -1.0]","[1.0, 1.0, 1.0, 1.0, 1.0]",5.0
L0,1.62396e-19,5.0,5,1.0,1.4578358273482854e-09,3.0651678442045483e-18,"['F_0', 'F_1', 'F_2', 'F_3', 'F_4']","[-9.715122040176993e-10, -1.0, -3.0, -1.0, -2.0, -1.0]","[1.0, 1.0, 1.0, 1.0, 1.0]",5.0
L0,1.2736e-19,5.0,5,1.0,1.2473062157174397e-09,2.0074866051670466e-18,"['F_0', 'F_1', 'F_2', 'F_3', 'F_4']","[-9.202150152987087e-10, -1.0, -3.0, -1.0, -2.0, -1.0]","[1.0, 1.0, 1.0, 1.0, 1.0]",5.0
L0,8.22287e-20,5.0,5,1.0,1.0012628726736253e-09,1.4130591831013259e-18,"['F_0', 'F_1', 'F_2', 'F_3', 'F_4']","[-6.741851521496756e-10, -1.0, -3.0, -1.0, -2.0, -1.0]","[1.0, 1.0, 1.0, 1.0, 1.0]",5.0
L0,5.0201099999999997e-20,5.0,5,1.0,8.277371215309054e-10,9.199423421431486e-19,"['F_0', 'F_1', 'F_2', 'F_3', 'F_4']","[-5.231703958941125e-10, -1.0, -3.0, -1.0, -2.0, -1.0]","[1.0, 1.0, 1.0, 1.0, 1.0]",5.0
L0,3.2805699999999995e-20,5.0,5,1.0,6.556667163122979e-10,6.199253675204121e-19,"['F_0', 'F_1', 'F_2', 'F_3', 'F_4']","[-4.368854167324798e-10, -1.0, -3.0, -1.0, -2.0, -1.0]","[1.0, 1.0, 1.0, 1.0, 1.0]",5.0
L0,2.57777e-20,5.0,5,1.0,5.609670760348228e-10,4.060265609899785e-19,"['F_0', 'F_1', 'F_2', 'F_3', 'F_4']","[-4.1390890714865236e-10, -1.0, -3.0, -1.0, -2.0, -1.0]","[1.0, 1.0, 1.0, 1.0, 1.0]",5.0
L0,1.6623399999999998e-20,5.0,5,1.0,4.5031717342465994e-10,2.858011089104094e-19,"['F_0', 'F_1', 'F_2', 'F_3', 'F_4']","[-3.031801476538476e-10, -1.0, -3.0, -1.0, -2.0, -1.0]","[1.0, 1.0, 1.0, 1.0, 1.0]",5.0
L0,1.0158799999999999e-20,5.0,5,1.0,3.7226776716576106e-10,1.86067753478685e-19,"['F_0', 'F_1', 'F_2', 'F_3', 'F_4']","[-2.3531177006930193e-10, -1.0, -3.0, -1.0, -2.0, -1.0]","[1.0, 1.0, 1.0, 1.0, 1.0]",5.0
L0,6.6323599999999995e-21,5.0,5,1.0,2.9488315715280637e-10,1.2538596740523818e-19,"['F_0', 'F_1', 'F_2', 'F_3', 'F_4']","[-1.9647794502475335e-10, -1.0, -3.0, -1.0, -2.0, -1.0]","[1.0, 1.0, 1.0, 1.0, 1.0]",5.0
L0,5.21527e-21,5.0,5,1.0,2.5229003447533037e-10,8.212394626173882e-20,"['F_0', 'F_1', 'F_2', 'F_3', 'F_4']","[-1.8616019836770192e-10, -1.0, -3.0, -1.0, -2.0, -1.0]","[1.0, 1.0, 1.0, 1.0, 1.0]",5.0
L0,3.3617e-21,5.0,5,1.0,2.025273233187868e-10,5.780695066422873e-20,"['F_0', 'F_1', 'F_2', 'F_3', 'F_4']","[-1.3634782192184502e-10, -1.0, -3.0, -1.0, -2.0, -1.0]","[1.0, 1.0, 1.0, 1.0, 1.0]",5.0
L0,2.05514e-21,5.0,5,1.0,1.6742407952667188e-10,3.763485659058899e-20,"['F_0', 'F_1', 'F_2', 'F_3', 'F_4']","[-1.0583267595620782e-10, -1.0, -3.0, -1.0, -2.0, -1.0]","[1.0, 1.0, 1.0, 1.0, 1.0]",5.0
L0,1.34127e-21,5.0,5,1.0,1.3262138840507547e-10,2.5361046608612067e-20,"['F_0', 'F_1', 'F_2', 'F_3', 'F_4']","[-8.836287257452113e-11, -1.0, -3.0, -1.0, -2.0, -1.0]","[1.0, 1.0, 1.0, 1.0, 1.0]",5.0
L0,1.05497e-21,5.0,5,1.0,1.1346531657245813e-10,1.6610835303623704e-20,"['F_0', 'F_1', 'F_2', 'F_3', 'F_4']","[-8.372547100066186e-11, -1.0, -3.0, -1.0, -2.0, -1.0]","[1.0, 1.0, 1.0, 1.0, 1.0]",5.0
L0,6.79909e-22,5.0,5,1.0,9.10850370419846e-11,1.1692337596598595e-20,"['F_0', 'F_1', 'F_2', 'F_3', 'F_4']","[-6.13202821853065e-11, -1.0, -3.0, -1.0, -2.0, -1.0]","[1.0, 1.0, 1.0, 1.0, 1.0]",5.0
L0,4.15715e-22,5.0,5,1.0,7.529750137030462e-11,7.612249021139045e-21,"['F_0', 'F_1', 'F_2', 'F_3', 'F_4']","[-4.759792560093956e-11, -1.0, -3.0, -1.0, -2.0, -1.0]","[1.0, 1.0, 1.0, 1.0, 1.0]",5.0
L0,2.71274e-22,5.0,5,1.0,5.964541661846984e-11,5.1296828505685e-21,"['F_0', 'F_1', 'F_2', 'F_3', 'F_4']","[-3.9740211121852553e-11, -1.0, -3.0, -1.0, -2.0, -1.0]","[1.0, 1.0, 1.0, 1.0, 1.0]",5.0
L0,2.13394e-22,5.0,5,1.0,5.102987745870286e-11,3.3598007946385827e-21,"['F_0', 'F_1', 'F_2', 'F_3', 'F_4']","[-3.7654990237001584e-11, -1.0, -3.0, -1.0, -2.0, -1.0]","[1.0, 1.0, 1.0, 1.0, 1.0]",5.0
L0,1.37519e-22,5.0,5,1.0,4.0964756673972086e-11,2.364963757702919e-21,"['F_0', 'F_1', 'F_2', 'F_3', 'F_4']","[-2.757838402089874e-11, -1.0, -3.0, -1.0, -2.0, -1.0]","[1.0, 1.0, 1.0, 1.0, 1.0]",5.0
L0,8.408740000000001e-23,5.0,5,1.0,3.386438317880801e-11,1.539700641007114e-21,"['F_0', 'F_1', 'F_2', 'F_3', 'F_4']","[-2.1406876271612418e-11, -1.0, -3.0, -1.0, -2.0, -1.0]","[1.0, 1.0, 1.0, 1.0, 1.0]",5.0
L0,5.48683e-23,5.0,5,1.0,2.682501848359618e-11,1.037564028915211e-21,"['F_0', 'F_1', 'F_2', 'F_3', 'F_4']","[-1.787281433962562e-11, -1.0, -3.0, -1.0, -2.0, -1.0]","[1.0, 1.0, 1.0, 1.0, 1.0]",5.0
L0,4.3162700000000004e-23,5.0,5,1.0,2.2950338082905292e-11,6.7957550518530045e-22,"['F_0', 'F_1', 'F_2', 'F_3', 'F_4']","[-1.6935342017632138e-11, -1.0, -3.0, -1.0, -2.0, -1.0]","[1.0, 1.0, 1.0, 1.0, 1.0]",5.0
L0,2.78151e-23,5.0,5,1.0,1.842351093572629e-11,4.7835577285385e-22,"['F_0', 'F_1', 'F_2', 'F_3', 'F_4']","[-1.2402967541902399e-11, -1.0, -3.0, -1.0, -2.0, -1.0]","[1.0, 1.0, 1.0, 1.0, 1.0]",5.0
L0,1.70083e-23,5.0,5,1.0,1.523040591628376e-11,3.114385016317084e-22,"['F_0', 'F_1', 'F_2', 'F_3', 'F_4']","[-9.627632024944432e-12, -1.0, -3.0, -1.0, -2.0, -1.0]","[1.0, 1.0, 1.0, 1.0, 1.0]",5.0
L0,1.1098e-23,5.0,5,1.0,1.206437579820411e-11,2.098649597252878e-22,"['F_0', 'F_1', 'F_2', 'F_3', 'F_4']","[-8.038458787495983e-12, -1.0, -3.0, -1.0, -2.0, -1.0]","[1.0, 1.0, 1.0, 1.0, 1.0]",5.0
L0,8.73043e-24,5.0,5,1.0,1.0321833050242817e-11,1.3746024667013332e-22,"['F_0', 'F_1', 'F_2', 'F_3', 'F_4']","[-7.616351993533499e-12, -1.0, -3.0, -1.0, -2.0, -1.0]","[1.0, 1.0, 1.0, 1.0, 1.0]",5.0
L0,5.6261200000000006e-24,5.0,5,1.0,8.285933936857993e-12,9.675594035699483e-23,"['F_0', 'F_1', 'F_2', 'F_3', 'F_4']","[-5.5784266095315616e-12, -1.0, -3.0, -1.0, -2.0, -1.0]","[1.0, 1.0, 1.0, 1.0, 1.0]",5.0
L0,3.44014e-24,5.0,5,1.0,6.849899759126757e-12,6.299558464582761e-23,"['F_0', 'F_1', 'F_2', 'F_3', 'F_4']","[-4.3300918406430355e-12, -1.0, -3.0, -1.0, -2.0, -1.0]","[1.0, 1.0, 1.0, 1.0, 1.0]",5.0
L0,2.2447400000000003e-24,5.0,5,1.0,5.42598329462521e-12,4.2450396102996144e-23,"['F_0', 'F_1', 'F_2', 'F_3', 'F_4']","[-3.6153302573893598e-12, -1.0, -3.0, -1.0, -2.0, -1.0]","[1.0, 1.0, 1.0, 1.0, 1.0]",5.0
L0,1.7658600000000003e-24,5.0,5,1.0,4.642276785810864e-12,2.7804621324348476e-23,"['F_0', 'F_1', 'F_2', 'F_3', 'F_4']","[-3.425482120178458e-12, -1.0, -3.0, -1.0, -2.0, -1.0]","[1.0, 1.0, 1.0, 1.0, 1.0]",5.0
L0,1.13798e-24,5.0,5,1.0,3.726657984780819e-12,1.9571911130651243e-23,"['F_0', 'F_1', 'F_2', 'F_3', 'F_4']","[-2.5088819910479288e-12, -1.0, -3.0, -1.0, -2.0, -1.0]","[1.0, 1.0, 1.0, 1.0, 1.0]",5.0
L0,6.95829e-25,5.0,5,1.0,3.0806792617895392e-12,1.2742203698413752e-23,"['F_0', 'F_1', 'F_2', 'F_3', 'F_4']","[-1.9473311851925246e-12, -1.0, -3.0, -1.0, -2.0, -1.0]","[1.0, 1.0, 1.0, 1.0, 1.0]",5.0
L0,4.5405e-25,5.0,5,1.0,2.440336397411464e-12,8.586359875906897e-24,"['F_0', 'F_1', 'F_2', 'F_3', 'F_4']","[-1.6262546864709293e-12, -1.0, -3.0, -1.0, -2.0, -1.0]","[1.0, 1.0, 1.0, 1.0, 1.0]",5.0
L0,3.57185e-25,5.0,5,1.0,2.0879813718544213e-12,5.624172363824761e-24,"['F_0', 'F_1', 'F_2', 'F_3', 'F_4']","[-1.5409895581797173e-12, -1.0, -3.0, -1.0, -2.0, -1.0]","[1.0, 1.0, 1.0, 1.0, 1.0]",5.0
L0,2.3019399999999997e-25,5.0,5,1.0,1.676094536771416e-12,3.958936479026245e-24,"['F_0', 'F_1', 'F_2', 'F_3', 'F_4']","[-1.1284306822290091e-12, -1.0, -3.0, -1.0, -2.0, -1.0]","[1.0, 1.0, 1.0, 1.0, 1.0]",5.0
L0,1.4075699999999999e-25,5.0,5,1.0,1.3856691298403146e-12,2.577684542205719e-24,"['F_0', 'F_1', 'F_2', 'F_3', 'F_4']","[-8.759659664292485e-13, -1.0, -3.0, -1.0, -2.0, -1.0]","[1.0, 1.0, 1.0, 1.0, 1.0]",5.0
L0,9.184130000000001e-26,5.0,5,1.0,1.0975797351477933e-12,1.7367664171898468e-24,"['F_0', 'F_1', 'F_2', 'F_3', 'F_4']","[-7.314149286230531e-13, -1.0, -3.0, -1.0, -2.0, -1.0]","[1.0, 1.0, 1.0, 1.0, 1.0]",5.0
L0,7.224470000000001e-26,5.0,5,1.0,9.392464068894486e-13,1.1380024810627608e-24,"['F_0', 'F_1', 'F_2', 'F_3', 'F_4']","[-6.930012119710227e-13, -1.0, -3.0, -1.0, -2.0, -1.0]","[1.0, 1.0, 1.0, 1.0, 1.0]",5.0
L0,4.6554e-26,5.0,5,1.0,7.537750929722158e-13,8.007292876752732e-25,"['F_0', 'F_1', 'F_2', 'F_3', 'F_4']","[-5.075939668586216e-13, -1.0, -3.0, -1.0, -2.0, -1.0]","[1.0, 1.0, 1.0, 1.0, 1.0]",5.0
L0,2.84661e-26,5.0,5,1.0,6.230732922180175e-13,5.211909129896048e-25,"['F_0', 'F_1', 'F_2', 'F_3', 'F_4']","[-3.9390712913700554e-13, -1.0, -3.0, -1.0, -2.0, -1.0]","[1.0, 1.0, 1.0, 1.0, 1.0]",5.0
L0,1.8582e-26,5.0,5,1.0,4.936606678995759e-13,3.513058214441731e-25,"['F_0', 'F_1', 'F_2', 'F_3', 'F_4']","[-3.290701044988964e-13, -1.0, -3.0, -1.0, -2.0, -1.0]","[1.0, 1.0, 1.0, 1.0, 1.0]",5.0
L0,1.46117e-26,5.0,5,1.0,4.22346105337506e-13,2.3008264097697777e-25,"['F_0', 'F_1', 'F_2', 'F_3', 'F_4']","[-3.1175062531474396e-13, -1.0, -3.0, -1.0, -2.0, -1.0]","[1.0, 1.0, 1.0, 1.0, 1.0]",5.0
L0,9.41987e-27,5.0,5,1.0,3.3894321334748996e-13,1.6192308422578146e-25,"['F_0', 'F_1', 'F_2', 'F_3', 'F_4']","[-2.282618538629322e-13, -1.0, -3.0, -1.0, -2.0, -1.0]","[1.0, 1.0, 1.0, 1.0, 1.0]",5.0
L0,5.7564699999999996e-27,5.0,5,1.0,2.8022407798777907e-13,1.0538469832209815e-25,"['F_0', 'F_1', 'F_2', 'F_3', 'F_4']","[-1.7719159473017498e-13, -1.0, -3.0, -1.0, -2.0, -1.0]","[1.0, 1.0, 1.0, 1.0, 1.0]",5.0
L0,3.7570699999999996e-27,5.0,5,1.0,2.2205778219694706e-13,7.103584457345159e-26,"['F_0', 'F_1', 'F_2', 'F_3', 'F_4']","[-1.4810375148499588e-13, -1.0, -3.0, -1.0, -2.0, -1.0]","[1.0, 1.0, 1.0, 1.0, 1.0]",5.0
L0,2.9576099999999998e-27,5.0,5,1.0,1.899969495058123e-13,4.656371351596123e-26,"['F_0', 'F_1', 'F_2', 'F_3', 'F_4']","[-1.4011014570769476e-13, -1.0, -3.0, -1.0, -2.0, -1.0]","[1.0, 1.0, 1.0, 1.0, 1.0]",5.0
L0,1.90478e-27,5.0,5,1.0,1.5244778306177104e-13,3.275164078306997e-26,"['F_0', 'F_1', 'F_2', 'F_3', 'F_4']","[-1.0258460747536446e-13, -1.0, -3.0, -1.0, -2.0, -1.0]","[1.0, 1.0, 1.0, 1.0, 1.0]",5.0
L0,1.1636699999999999e-27,5.0,5,1.0,1.2600978317482072e-13,2.1284017291576685e-26,"['F_0', 'F_1', 'F_2', 'F_3', 'F_4']","[-7.993605777301127e-14, -1.0, -3.0, -1.0, -2.0, -1.0]","[1.0, 1.0, 1.0, 1.0, 1.0]",5.0
L0,7.587329999999999e-28,5.0,5,1.0,9.987940442879999e-14,1.436962791525135e-26,"['F_0', 'F_1', 'F_2', 'F_3', 'F_4']","[-6.661338147750939e-14, -1.0, -3.0, -1.0, -2.0, -1.0]","[1.0, 1.0, 1.0, 1.0, 1.0]",5.0
L0,5.97344e-28,5.0,5,1.0,8.544324865641791e-14,9.3977551868518e-27,"['F_0', 'F_1', 'F_2', 'F_3', 'F_4']","[-6.328271240363392e-14, -1.0, -3.0, -1.0, -2.0, -1.0]","[1.0, 1.0, 1.0, 1.0, 1.0]",5.0
L0,3.8436e-28,5.0,5,1.0,6.85690703852802e-14,6.621318738577801e-27,"['F_0', 'F_1', 'F_2', 'F_3', 'F_4']","[-4.618527782440651e-14, -1.0, -3.0, -1.0, -2.0, -1.0]","[1.0, 1.0, 1.0, 1.0, 1.0]",5.0
L0,2.3527199999999997e-28,5.0,5,1.0,5.654465829927007e-14,4.295494892941401e-27,"['F_0', 'F_1', 'F_2', 'F_3', 'F_4']","[-3.574918139293004e-14, -1.0, -3.0, -1.0, -2.0, -1.0]","[1.0, 1.0, 1.0, 1.0, 1.0]",5.0
L0,1.53678e-28,5.0,5,1.0,4.494472097813198e-14,2.907529308773707e-27,"['F_0', 'F_1', 'F_2', 'F_3', 'F_4']","[-2.9976021664879227e-14, -1.0, -3.0, -1.0, -2.0, -1.0]","[1.0, 1.0, 1.0, 1.0, 1.0]",5.0
L0,1.2089999999999998e-28,5.0,5,1.0,3.828891122606983e-14,1.8895730281868008e-27,"['F_0', 'F_1', 'F_2', 'F_3', 'F_4']","[-2.842170943040401e-14, -1.0, -3.0, -1.0, -2.0, -1.0]","[1.0, 1.0, 1.0, 1.0, 1.0]",5.0
L0,7.79715e-29,5.0,5,1.0,3.090070264241491e-14,1.3423799774165227e-27,"['F_0', 'F_1', 'F_2', 'F_3', 'F_4']","[-2.0872192862952943e-14, -1.0, -3.0, -1.0, -2.0, -1.0]","[1.0, 1.0, 1.0, 1.0, 1.0]",5.0
L0,4.7584999999999997e-29,5.0,5,1.0,2.5584506470338738e-14,8.767734936027603e-28,"['F_0', 'F_1', 'F_2', 'F_3', 'F_4']","[-1.6209256159527285e-14, -1.0, -3.0, -1.0, -2.0, -1.0]","[1.0, 1.0, 1.0, 1.0, 1.0]",5.0
L0,3.1124699999999996e-29,5.0,5,1.0,2.0213783655852596e-14,5.869909758178179e-28,"['F_0', 'F_1', 'F_2', 'F_3', 'F_4']","[-1.354472090042691e-14, -1.0, -3.0, -1.0, -2.0, -1.0]","[1.0, 1.0, 1.0, 1.0, 1.0]",5.0
L0,2.44462e-29,5.0,5,1.0,1.73207666187649e-14,3.836583359906344e-28,"['F_0', 'F_1', 'F_2', 'F_3', 'F_4']","[-1.2878587085651816e-14, -1.0, -3.0, -1.0, -2.0, -1.0]","[1.0, 1.0, 1.0, 1.0, 1.0]",5.0
L0,1.5714e-29,5.0,5,1.0,1.391951583554764e-14,2.7169927892235734e-28,"['F_0', 'F_1', 'F_2', 'F_3', 'F_4']","[-9.325873406851315e-15, -1.0, -3.0, -1.0, -2.0, -1.0]","[1.0, 1.0, 1.0, 1.0, 1.0]",5.0
L0,9.59928e-30,5.0,5,1.0,1.1549878834147834e-14,1.7556240529915029e-28,"['F_0', 'F_1', 'F_2', 'F_3', 'F_4']","[-7.549516567451064e-15, -1.0, -3.0, -1.0, -2.0, -1.0]","[1.0, 1.0, 1.0, 1.0, 1.0]",5.0
L0,6.25575e-30,5.0,5,1.0,9.057253961534437e-15,1.181750613876008e-28,"['F_0', 'F_1', 'F_2', 'F_3', 'F_4']","[-5.995204332975845e-15, -1.0, -3.0, -1.0, -2.0, -1.0]","[1.0, 1.0, 1.0, 1.0, 1.0]",5.0
L0,5.0046e-30,5.0,5,1.0,7.943623021758658e-15,8.065019820979145e-29,"['F_0', 'F_1', 'F_2', 'F_3', 'F_4']","[-5.773159728050814e-15, -1.0, -3.0, -1.0, -2.0, -1.0]","[1.0, 1.0, 1.0, 1.0, 1.0]",5.0
L0,3.0683000000000002e-30,5.0,5,1.0,6.422026772729418e-15,5.690204109511279e-29,"['F_0', 'F_1', 'F_2', 'F_3', 'F_4']","[-4.440892098500626e-15, -1.0, -3.0, -1.0, -2.0, -1.0]","[1.0, 1.0, 1.0, 1.0, 1.0]",5.0
L0,1.9617300000000002e-30,5.0,5,1.0,5.2896144339013175e-15,3.748104130879915e-29,"['F_0', 'F_1', 'F_2', 'F_3', 'F_4']","[-3.3306690738754696e-15, -1.0, -3.0, -1.0, -2.0, -1.0]","[1.0, 1.0, 1.0, 1.0, 1.0]",5.0
L0,1.28587e-30,5.0,5,1.0,4.273146941642187e-15,2.5191815283262e-29,"['F_0', 'F_1', 'F_2', 'F_3', 'F_4']","[-3.1086244689504383e-15, -1.0, -3.0, -1.0, -2.0, -1.0]","[1.0, 1.0, 1.0, 1.0, 1.0]",5.0
L0,9.74464e-31,5.0,5,1.0,3.595350483907183e-15,1.659280765921596e-29,"['F_0', 'F_1', 'F_2', 'F_3', 'F_4']","[-2.6645352591003757e-15, -1.0, -3.0, -1.0, -2.0, -1.0]","[1.0, 1.0, 1.0, 1.0, 1.0]",5.0
L0,6.8785399999999995e-31,5.0,5,1.0,2.819708995625406e-15,1.1263691714566374e-29,"['F_0', 'F_1', 'F_2', 'F_3', 'F_4']","[-1.9984014443252818e-15, -1.0, -3.0, -1.0, -2.0, -1.0]","[1.0, 1.0, 1.0, 1.0, 1.0]",5.0
L0,3.9293499999999998e-31,5.0,5,1.0,2.5198881938183806e-15,7.965793387880404e-30,"['F_0', 'F_1', 'F_2', 'F_3', 'F_4']","[-1.7763568394002505e-15, -1.0, -3.0, -1.0, -2.0, -1.0]","[1.0, 1.0, 1.0, 1.0, 1.0]",5.0
L0,2.6575e-31,5.0,5,1.0,1.8248249659868877e-15,4.9036772316957214e-30,"['F_0', 'F_1', 'F_2', 'F_3', 'F_4']","[-1.3322676295501878e-15, -1.0, -3.0, -1.0, -2.0, -1.0]","[1.0, 1.0, 1.0, 1.0, 1.0]",5.0
L0,2.126e-31,5.0,5,1.0,1.6070970535859786e-15,3.22162204202357e-30,"['F_0', 'F_1', 'F_2', 'F_3', 'F_4']","[-1.3322676295501878e-15, -1.0, -3.0, -1.0, -2.0, -1.0]","[1.0, 1.0, 1.0, 1.0, 1.0]",5.0
L0,1.54849e-31,5.0,5,1.0,1.4397305539664973e-15,2.741162164295595e-30,"['F_0', 'F_1', 'F_2', 'F_3', 'F_4']","[-1.1102230246251565e-15, -1.0, -3.0, -1.0, -2.0, -1.0]","[1.0, 1.0, 1.0, 1.0, 1.0]",5.0
L0,8.98332e-32,5.0,5,1.0,1.105527674862076e-15,1.4580944980327833e-30,"['F_0', 'F_1', 'F_2', 'F_3', 'F_4']","[-8.881784197001252e-16, -1.0, -3.0, -1.0, -2.0, -1.0]","[1.0, 1.0, 1.0, 1.0, 1.0]",5.0
L0,5.38325e-32,5.0,5,1.0,8.686397061698871e-16,1.236933630334396e-30,"['F_0', 'F_1', 'F_2', 'F_3', 'F_4']","[-4.440892098500626e-16, -1.0, -3.0, -1.0, -2.0, -1.0]","[1.0, 1.0, 1.0, 1.0, 1.0]",5.0
L0,4.3066e-32,5.0,5,1.0,8.10780880057089e-16,9.285998658789802e-31,"['F_0', 'F_1', 'F_2', 'F_3', 'F_4']","[-4.440892098500626e-16, -1.0, -3.0, -1.0, -2.0, -1.0]","[1.0, 1.0, 1.0, 1.0, 1.0]",5.0
L0,2.1188399999999998e-32,5.0,5,1.0,6.465951012448558e-16,6.237637793798647e-31,"['F_0', 'F_1', 'F_2', 'F_3', 'F_4']","[-4.440892098500626e-16, -1.0, -3.0, -1.0, -2.0, -1.0]","[1.0, 1.0, 1.0, 1.0, 1.0]",5.0
L0,0.317754,0.0,15,-7.014001911808531e+30,1.5757162346521145,3.1123529422712917,[],[-1.8362892223738063],[],0.0
L0,0.314576,1.0,15,0.42645432180384746,0.736598099490324,1.134429463215275,"['b_inclusion(r_primitive(at_g,0,1),r_primitive(at,0,1))']","[-2.9134199134199124, 2.9134]",[3.0],1.0
L0,0.0807388,2.0,15,0.7858768511226131,0.5024126895524627,0.5488869632198313,"['F_1', 'b_inclusion(r_primitive(at_g,0,1),r_primitive(at,0,1))']","[-2.292522034687039, -2.117, 2.2925]","[1.0, 3.0]",2.0
L0,0.045007,3.0,15,0.9477423006178991,0.3090859808615064,0.154549909947228,"['F_0', 'F_1', 'b_inclusion(r_primitive(at_g,0,1),r_primitive(at,0,1))']","[-1.5002920722008541, -1.909, -2.9092, 1.5003]","[1.0, 1.0, 3.0]",3.0
L0,0.00990041,4.0,15,0.9786222537212097,0.13038554875071615,0.06514327782394949,"['F_0', 'F_1', 'F_4', 'b_inclusion(r_primitive(at_g,0,1),r_primitive(at,0,1))']","[-1.4998848571687935, -1.5004, -2.5004, -0.9995, 1.4999]","[1.0, 1.0, 1.0, 3.0]",4.0
L0,0.00312649,5.0,15,0.999999983764206,0.00013645915705664708,5.0531840797280006e-08,"['F_0', 'F_1', 'F_2', 'F_4', 'b_inclusion(r_primitive(at_g,0,1),r_primitive(at,0,1))']","[-1.999476311193076, -1.0006, -2.9998, 0.9992, -0.9999, 1.9995]","[1.0, 1.0, 1.0, 1.0, 3.0]",5.0
L0,2.21443e-09,5.0,15,0.999999999999985,1.3002537000301077e-07,4.650319977043719e-14,"['F_0', 'F_1', 'F_2', 'F_4', 'b_inclusion(r_primitive(at_g,0,1),r_primitive(at,0,1))']","[-1.9999996617704734, -1.0, -3.0, 1.0, -1.0, 2.0]","[1.0, 1.0, 1.0, 1.0, 3.0]",5.0
L0,2.15293e-15,5.0,15,0.999999999999994,7.544616179003757e-08,1.879953534296753e-14,"['F_0', 'F_1', 'F_2', 'F_4', 'b_inclusion(r_primitive(at_g,0,1),r_primitive(at,0,1))']","[-1.9999997278130572, -1.0, -3.0, 1.0, -1.0, 2.0]","[1.0, 1.0, 1.0, 1.0, 3.0]",5.0
L0,1.0253e-15,5.0,15,0.999999999999997,5.878715626088566e-08,9.500595605751393e-15,"['F_0', 'F_1', 'F_2', 'F_4', 'b_inclusion(r_primitive(at_g,0,1),r_primitive(at,0,1))']","[-1.999999785512536, -1.0, -3.0, 1.0, -1.0, 2.0]","[1.0, 1.0, 1.0, 1.0, 3.0]",5.0
L0,5.63829e-16,5.0,15,0.9999999999999983,4.695501846398367e-08,5.1280932163145825e-15,"['F_0', 'F_1', 'F_2', 'F_4', 'b_inclusion(r_primitive(at_g,0,1),r_primitive(at,0,1))']","[-1.9999998362277993, -1.0, -3.0, 1.0, -1.0, 2.0]","[1.0, 1.0, 1.0, 1.0, 3.0]",5.0
L0,3.28719e-16,5.0,15,0.9999999999999991,3.39427097377803e-08,2.686433728232238e-15,"['F_0', 'F_1', 'F_2', 'F_4', 'b_inclusion(r_primitive(at_g,0,1),r_primitive(at,0,1))']","[-1.9999998769576308, -1.0, -3.0, 1.0, -1.0, 2.0]","[1.0, 1.0, 1.0, 1.0, 3.0]",5.0
L0,1.68348e-16,5.0,15,0.9999999999999997,2.1276392082750044e-08,1.1218140748577497e-15,"['F_0', 'F_1', 'F_2', 'F_4', 'b_inclusion(r_primitive(at_g,0,1),r_primitive(at,0,1))']","[-1.9999999190216204, -1.0, -3.0, 1.0, -1.0, 2.0]","[1.0, 1.0, 1.0, 1.0, 3.0]",5.0
L0,6.18665e-17,5.0,15,0.9999999999999998,1.4953630495299426e-08,6.041031821447751e-16,"['F_0', 'F_1', 'F_2', 'F_4', 'b_inclusion(r_primitive(at_g,0,1),r_primitive(at,0,1))']","[-1.9999999438475082, -1.0, -3.0, 1.0, -1.0, 2.0]","[1.0, 1.0, 1.0, 1.0, 3.0]",5.0
L0,3.44312e-17,6.0,15,0.9999999999999999,8.828119880718115e-09,1.955909261358297e-16,"['F_0', 'F_1', 'F_2', 'F_3', 'F_4', 'b_inclusion(r_primitive(at_g,0,1),r_primitive(at,0,1))']","[-1.9999999374463022, -1.0, -3.0, 1.0, -0.0, -1.0, 2.0]","[1.0, 1.0, 1.0, 1.0, 1.0, 3.0]",6.0
L0,6.50586e-19,6.0,15,1.0,5.146762002789258e-09,5.074316788817868e-17,"['F_0', 'F_1', 'F_2', 'F_3', 'F_4', 'b_inclusion(r_primitive(at_g,0,1),r_primitive(at,0,1))']","[-1.9999999394943462, -1.0, -3.0, 1.0, -0.0, -1.0, 2.0]","[1.0, 1.0, 1.0, 1.0, 1.0, 3.0]",6.0
L0,1.60804e-19,7.0,15,1.0,1.5332645835306768e-09,5.3660636399054734e-18,"['F_0', 'F_1', 'F_2', 'F_3', 'F_4', 'b_inclusion(r_primitive(at_g,0,1),r_primitive(at,0,1))', 'n_concept_distance(c_primitive(at,0),r_primitive(at_g,0,1),c_primitive(at,1))']","[-1.9999999390059089, -1.0, -3.0, 1.0, -0.0, -1.0, 2.0, -0.0]","[1.0, 1.0, 1.0, 1.0, 1.0, 3.0, 4.0]",7.0
L0,1.9065999999999998e-20,7.0,15,1.0,9.030350501655882e-10,2.232757205728451e-18,"['F_0', 'F_1', 'F_2', 'F_3', 'F_4', 'b_inclusion(r_primitive(at_g,0,1),r_primitive(at,0,1))', 'n_concept_distance(c_primitive(at,0),r_primitive(at_g,0,1),c_primitive(at,1))']","[-1.999999938877838, -1.0, -3.0, 1.0, -0.0, -1.0, 2.0, -0.0]","[1.0, 1.0, 1.0, 1.0, 1.0, 3.0, 4.0]",7.0
L0,1.52528e-20,8.0,15,1.0,8.420079864240078e-10,1.0862259199119708e-18,"['F_0', 'F_1', 'F_2', 'F_3', 'F_4', 'b_inclusion(r_primitive(at_g,0,1),r_primitive(at,0,1))', 'n_count(r_restrict(r_top,c_primitive(at,1)))', 'n_concept_distance(c_primitive(at,0),r_primitive(at_g,0,1),c_primitive(at,1))']","[-1.9999999402278987, -1.0, -3.0, 1.0, -0.0, -1.0, 2.0, 0.0, -0.0]","[1.0, 1.0, 1.0, 1.0, 1.0, 3.0, 4.0, 4.0]",8.0
L0,0.317754,0.0,25,-7.014001911808531e+30,1.5757162346521145,3.1123529422712917,[],[-1.8362892223738063],[],0.0
L0,0.314576,1.0,25,0.42645432180384746,0.736598099490324,1.134429463215275,"['b_inclusion(r_primitive(at_g,0,1),r_primitive(at,0,1))']","[-2.9134199134199124, 2.9134]",[3.0],1.0
L0,0.0807388,2.0,25,0.7858768511226131,0.5024126895524627,0.5488869632198313,"['F_1', 'b_inclusion(r_primitive(at_g,0,1),r_primitive(at,0,1))']","[-2.292522034687039, -2.117, 2.2925]","[1.0, 3.0]",2.0
L0,0.045007,3.0,25,0.9477423006178991,0.3090859808615064,0.154549909947228,"['F_0', 'F_1', 'b_inclusion(r_primitive(at_g,0,1),r_primitive(at,0,1))']","[-1.5002920722008541, -1.909, -2.9092, 1.5003]","[1.0, 1.0, 3.0]",3.0
L0,0.00990041,4.0,25,0.9786222537212097,0.13038554875071615,0.06514327782394949,"['F_0', 'F_1', 'F_4', 'b_inclusion(r_primitive(at_g,0,1),r_primitive(at,0,1))']","[-1.4998848571687935, -1.5004, -2.5004, -0.9995, 1.4999]","[1.0, 1.0, 1.0, 3.0]",4.0
L0,0.00312649,5.0,25,0.999999983764206,0.00013645915705664708,5.0531840797280006e-08,"['F_0', 'F_1', 'F_2', 'F_4', 'b_inclusion(r_primitive(at_g,0,1),r_primitive(at,0,1))']","[-1.999476311193076, -1.0006, -2.9998, 0.9992, -0.9999, 1.9995]","[1.0, 1.0, 1.0, 1.0, 3.0]",5.0
L0,2.21443e-09,5.0,25,0.999999999999985,1.3002537000301077e-07,4.650319977043719e-14,"['F_0', 'F_1', 'F_2', 'F_4', 'b_inclusion(r_primitive(at_g,0,1),r_primitive(at,0,1))']","[-1.9999996617704734, -1.0, -3.0, 1.0, -1.0, 2.0]","[1.0, 1.0, 1.0, 1.0, 3.0]",5.0
L0,2.15293e-15,5.0,25,0.999999999999994,7.544616179003757e-08,1.879953534296753e-14,"['F_0', 'F_1', 'F_2', 'F_4', 'b_inclusion(r_primitive(at_g,0,1),r_primitive(at,0,1))']","[-1.9999997278130572, -1.0, -3.0, 1.0, -1.0, 2.0]","[1.0, 1.0, 1.0, 1.0, 3.0]",5.0
L0,1.0253e-15,5.0,25,0.999999999999997,5.878715626088566e-08,9.500595605751393e-15,"['F_0', 'F_1', 'F_2', 'F_4', 'b_inclusion(r_primitive(at_g,0,1),r_primitive(at,0,1))']","[-1.999999785512536, -1.0, -3.0, 1.0, -1.0, 2.0]","[1.0, 1.0, 1.0, 1.0, 3.0]",5.0
L0,5.63829e-16,5.0,25,0.9999999999999983,4.695501846398367e-08,5.1280932163145825e-15,"['F_0', 'F_1', 'F_2', 'F_4', 'b_inclusion(r_primitive(at_g,0,1),r_primitive(at,0,1))']","[-1.9999998362277993, -1.0, -3.0, 1.0, -1.0, 2.0]","[1.0, 1.0, 1.0, 1.0, 3.0]",5.0
L0,3.28719e-16,5.0,25,0.9999999999999991,3.39427097377803e-08,2.686433728232238e-15,"['F_0', 'F_1', 'F_2', 'F_4', 'b_inclusion(r_primitive(at_g,0,1),r_primitive(at,0,1))']","[-1.9999998769576308, -1.0, -3.0, 1.0, -1.0, 2.0]","[1.0, 1.0, 1.0, 1.0, 3.0]",5.0
L0,1.68348e-16,5.0,25,0.9999999999999997,2.1276392082750044e-08,1.1218140748577497e-15,"['F_0', 'F_1', 'F_2', 'F_4', 'b_inclusion(r_primitive(at_g,0,1),r_primitive(at,0,1))']","[-1.9999999190216204, -1.0, -3.0, 1.0, -1.0, 2.0]","[1.0, 1.0, 1.0, 1.0, 3.0]",5.0
L0,6.18665e-17,5.0,25,0.9999999999999998,1.4953630495299426e-08,6.041031821447751e-16,"['F_0', 'F_1', 'F_2', 'F_4', 'b_inclusion(r_primitive(at_g,0,1),r_primitive(at,0,1))']","[-1.9999999438475082, -1.0, -3.0, 1.0, -1.0, 2.0]","[1.0, 1.0, 1.0, 1.0, 3.0]",5.0
L0,3.44312e-17,6.0,25,0.9999999999999999,8.828119880718115e-09,1.955909261358297e-16,"['F_0', 'F_1', 'F_2', 'F_3', 'F_4', 'b_inclusion(r_primitive(at_g,0,1),r_primitive(at,0,1))']","[-1.9999999374463022, -1.0, -3.0, 1.0, -0.0, -1.0, 2.0]","[1.0, 1.0, 1.0, 1.0, 1.0, 3.0]",6.0
L0,6.50586e-19,6.0,25,1.0,5.146762002789258e-09,5.074316788817868e-17,"['F_0', 'F_1', 'F_2', 'F_3', 'F_4', 'b_inclusion(r_primitive(at_g,0,1),r_primitive(at,0,1))']","[-1.9999999394943462, -1.0, -3.0, 1.0, -0.0, -1.0, 2.0]","[1.0, 1.0, 1.0, 1.0, 1.0, 3.0]",6.0
L0,2.2020200000000003e-19,7.0,25,1.0,2.6662200214109633e-09,2.1628584800823193e-17,"['F_0', 'F_1', 'F_2', 'F_3', 'F_4', 'b_inclusion(r_primitive(at_g,0,1),r_primitive(at,0,1))', 'n_concept_distance(c_primitive(at,0),r_primitive(at_g,0,1),c_primitive(at,1))']","[-1.9999999393159174, -1.0, -3.0, 1.0, -0.0, -1.0, 2.0, -0.0]","[1.0, 1.0, 1.0, 1.0, 1.0, 3.0, 4.0]",7.0
L0,2.1018399999999997e-20,8.0,25,1.0,2.872922200949509e-09,1.260710061259813e-17,"['F_0', 'F_1', 'F_2', 'F_3', 'F_4', 'b_inclusion(r_primitive(at_g,0,1),r_primitive(at,0,1))', 'n_count(c_all(r_primitive(at,0,1),c_primitive(at-robby,0)))', 'n_concept_distance(c_primitive(at,0),r_primitive(at_g,0,1),c_primitive(at,1))']","[-1.9999999458130937, -1.0, -3.0, 1.0, -0.0, -1.0, 2.0, 0.0, -0.0]","[1.0, 1.0, 1.0, 1.0, 1.0, 3.0, 3.0, 4.0]",8.0
L0,0.317754,0.0,35,-7.014001911808531e+30,1.5757162346521145,3.1123529422712917,[],[-1.8362892223738063],[],0.0
L0,0.314576,1.0,35,0.42645432180384746,0.736598099490324,1.134429463215275,"['b_inclusion(r_primitive(at_g,0,1),r_primitive(at,0,1))']","[-2.9134199134199124, 2.9134]",[3.0],1.0
L0,0.111968,2.0,35,0.913801783654546,0.32884540476378665,0.24697825280975563,"['b_inclusion(c_primitive(at_g,0),c_primitive(carry,0))', 'b_inclusion(r_primitive(at_g,0,1),r_primitive(at,0,1))']","[-3.909516381154456, 2.4094, 3.9095]","[3.0, 3.0]",2.0
L0,0.00989611,4.0,35,0.9786238004412354,0.13042940191588753,0.06514332651805076,"['F_0', 'F_4', 'b_inclusion(c_primitive(at_g,0),c_primitive(carry,0))', 'b_inclusion(r_primitive(at_g,0,1),r_primitive(at,0,1))']","[-4.00065634891414, 1.0008, -0.9996, 2.5008, 4.0007]","[1.0, 1.0, 3.0, 3.0]",4.0
L0,0.003134,5.0,35,0.9999999608510158,0.00027662737858042514,1.218212501727658e-07,"['F_0', 'F_3', 'F_4', 'b_inclusion(c_primitive(at_g,0),c_primitive(carry,0))', 'b_inclusion(r_primitive(at_g,0,1),r_primitive(at,0,1))']","[-3.999462851403476, 1.9986, -0.999, -1.0004, 2.9988, 3.9994]","[1.0, 1.0, 1.0, 3.0, 3.0]",5.0
L0,5.53562e-09,6.0,35,0.999999999999944,3.005388599002292e-07,1.7421166711825624e-13,"['F_0', 'F_1', 'F_3', 'F_4', 'b_inclusion(c_primitive(at_g,0),c_primitive(carry,0))', 'b_inclusion(r_primitive(at_g,0,1),r_primitive(at,0,1))']","[-3.9988019985328096, 1.9988, -0.0012, -1.0, -1.0, 2.9988, 3.9988]","[1.0, 1.0, 1.0, 1.0, 3.0, 3.0]",6.0
L0,2.11339e-15,7.0,35,0.9999999999999749,2.2340670838097851e-07,7.805284987983061e-14,"['F_0', 'F_1', 'F_2', 'F_3', 'F_4', 'b_inclusion(c_primitive(at_g,0),c_primitive(carry,0))', 'b_inclusion(r_primitive(at_g,0,1),r_primitive(at,0,1))']","[-3.9988018710224758, 1.9988, -0.0012, 0.0, -1.0, -1.0, 2.9988, 3.9988]","[1.0, 1.0, 1.0, 1.0, 1.0, 3.0, 3.0]",7.0
L0,8.29784e-16,7.0,35,0.9999999999999907,1.3645581379074088e-07,2.896446405290345e-14,"['F_0', 'F_1', 'F_2', 'F_3', 'F_4', 'b_inclusion(c_primitive(at_g,0),c_primitive(carry,0))', 'b_inclusion(r_primitive(at_g,0,1),r_primitive(at,0,1))']","[-3.998801974497044, 1.9988, -0.0012, 0.0, -1.0, -1.0, 2.9988, 3.9988]","[1.0, 1.0, 1.0, 1.0, 1.0, 3.0, 3.0]",7.0
L0,4.02191e-16,7.0,35,0.9999999999999962,7.75935439538928e-08,1.1667641611992965e-14,"['F_0', 'F_1', 'F_2', 'F_3', 'F_4', 'b_inclusion(c_primitive(at_g,0),c_primitive(carry,0))', 'b_inclusion(r_primitive(at_g,0,1),r_primitive(at,0,1))']","[-3.9988020196084864, 1.9988, -0.0012, 0.0, -1.0, -1.0, 2.9988, 3.9988]","[1.0, 1.0, 1.0, 1.0, 1.0, 3.0, 3.0]",7.0
L0,0.317754,0.0,45,-7.014001911808531e+30,1.5757162346521145,3.1123529422712917,[],[-1.8362892223738063],[],0.0
L0,0.314576,1.0,45,0.42645432180384746,0.736598099490324,1.134429463215275,"['b_inclusion(r_primitive(at_g,0,1),r_primitive(at,0,1))']","[-2.9134199134199124, 2.9134]",[3.0],1.0
L0,0.111968,2.0,45,0.913801783654546,0.32884540476378665,0.24697825280975563,"['b_inclusion(c_primitive(at_g,0),c_primitive(carry,0))', 'b_inclusion(r_primitive(at_g,0,1),r_primitive(at,0,1))']","[-3.909516381154456, 2.4094, 3.9095]","[3.0, 3.0]",2.0
L0,0.00989611,4.0,45,0.9786238004412354,0.13042940191588753,0.06514332651805076,"['F_0', 'F_4', 'b_inclusion(c_primitive(at_g,0),c_primitive(carry,0))', 'b_inclusion(r_primitive(at_g,0,1),r_primitive(at,0,1))']","[-4.00065634891414, 1.0008, -0.9996, 2.5008, 4.0007]","[1.0, 1.0, 3.0, 3.0]",4.0
L0,0.003134,5.0,45,0.9999999608510158,0.00027662737858042514,1.218212501727658e-07,"['F_0', 'F_3', 'F_4', 'b_inclusion(c_primitive(at_g,0),c_primitive(carry,0))', 'b_inclusion(r_primitive(at_g,0,1),r_primitive(at,0,1))']","[-3.999462851403476, 1.9986, -0.999, -1.0004, 2.9988, 3.9994]","[1.0, 1.0, 1.0, 3.0, 3.0]",5.0
L0,5.53562e-09,6.0,45,0.999999999999944,3.005388599002292e-07,1.7421166711825624e-13,"['F_0', 'F_1', 'F_3', 'F_4', 'b_inclusion(c_primitive(at_g,0),c_primitive(carry,0))', 'b_inclusion(r_primitive(at_g,0,1),r_primitive(at,0,1))']","[-3.9988019985328096, 1.9988, -0.0012, -1.0, -1.0, 2.9988, 3.9988]","[1.0, 1.0, 1.0, 1.0, 3.0, 3.0]",6.0
L0,2.11339e-15,7.0,45,0.9999999999999749,2.2340670838097851e-07,7.805284987983061e-14,"['F_0', 'F_1', 'F_2', 'F_3', 'F_4', 'b_inclusion(c_primitive(at_g,0),c_primitive(carry,0))', 'b_inclusion(r_primitive(at_g,0,1),r_primitive(at,0,1))']","[-3.9988018710224758, 1.9988, -0.0012, 0.0, -1.0, -1.0, 2.9988, 3.9988]","[1.0, 1.0, 1.0, 1.0, 1.0, 3.0, 3.0]",7.0
L0,8.29784e-16,7.0,45,0.9999999999999907,1.3645581379074088e-07,2.896446405290345e-14,"['F_0', 'F_1', 'F_2', 'F_3', 'F_4', 'b_inclusion(c_primitive(at_g,0),c_primitive(carry,0))', 'b_inclusion(r_primitive(at_g,0,1),r_primitive(at,0,1))']","[-3.998801974497044, 1.9988, -0.0012, 0.0, -1.0, -1.0, 2.9988, 3.9988]","[1.0, 1.0, 1.0, 1.0, 1.0, 3.0, 3.0]",7.0
L0,6.1179e-16,7.0,45,0.9999999999999962,7.75935439538928e-08,1.1667641611992965e-14,"['F_0', 'F_1', 'F_2', 'F_3', 'F_4', 'b_inclusion(c_primitive(at_g,0),c_primitive(carry,0))', 'b_inclusion(r_primitive(at_g,0,1),r_primitive(at,0,1))']","[-3.9988020196084864, 1.9988, -0.0012, 0.0, -1.0, -1.0, 2.9988, 3.9988]","[1.0, 1.0, 1.0, 1.0, 1.0, 3.0, 3.0]",7.0
L0,0.317754,0.0,55,-7.014001911808531e+30,1.5757162346521145,3.1123529422712917,[],[-1.8362892223738063],[],0.0
L0,0.314576,1.0,55,0.42645432180384746,0.736598099490324,1.134429463215275,"['b_inclusion(r_primitive(at_g,0,1),r_primitive(at,0,1))']","[-2.9134199134199124, 2.9134]",[3.0],1.0
L0,0.111968,2.0,55,0.913801783654546,0.32884540476378665,0.24697825280975563,"['b_inclusion(c_primitive(at_g,0),c_primitive(carry,0))', 'b_inclusion(r_primitive(at_g,0,1),r_primitive(at,0,1))']","[-3.909516381154456, 2.4094, 3.9095]","[3.0, 3.0]",2.0
L0,0.00989611,4.0,55,0.9786238004412354,0.13042940191588753,0.06514332651805076,"['F_0', 'F_4', 'b_inclusion(c_primitive(at_g,0),c_primitive(carry,0))', 'b_inclusion(r_primitive(at_g,0,1),r_primitive(at,0,1))']","[-4.00065634891414, 1.0008, -0.9996, 2.5008, 4.0007]","[1.0, 1.0, 3.0, 3.0]",4.0
L0,0.003134,5.0,55,0.9999999608510158,0.00027662737858042514,1.218212501727658e-07,"['F_0', 'F_3', 'F_4', 'b_inclusion(c_primitive(at_g,0),c_primitive(carry,0))', 'b_inclusion(r_primitive(at_g,0,1),r_primitive(at,0,1))']","[-3.999462851403476, 1.9986, -0.999, -1.0004, 2.9988, 3.9994]","[1.0, 1.0, 1.0, 3.0, 3.0]",5.0
L0,5.53562e-09,6.0,55,0.999999999999944,3.005388599002292e-07,1.7421166711825624e-13,"['F_0', 'F_1', 'F_3', 'F_4', 'b_inclusion(c_primitive(at_g,0),c_primitive(carry,0))', 'b_inclusion(r_primitive(at_g,0,1),r_primitive(at,0,1))']","[-3.9988019985328096, 1.9988, -0.0012, -1.0, -1.0, 2.9988, 3.9988]","[1.0, 1.0, 1.0, 1.0, 3.0, 3.0]",6.0
L0,3.68227e-15,7.0,55,0.9999999999999932,1.140617719180844e-07,2.1089014695281172e-14,"['F_0', 'F_1', 'F_2', 'F_3', 'F_4', 'b_inclusion(c_primitive(at_g,0),c_primitive(carry,0))', 'b_inclusion(r_primitive(at_g,0,1),r_primitive(at,0,1))']","[-3.998801805035388, 1.9988, -0.0012, 0.0, -1.0, -1.0, 2.9988, 3.9988]","[1.0, 1.0, 1.0, 1.0, 1.0, 3.0, 3.0]",7.0
L0,4.1886e-16,7.0,55,0.9999999999999981,4.8583728130739144e-08,5.823356066455024e-15,"['F_0', 'F_1', 'F_2', 'F_3', 'F_4', 'b_inclusion(c_primitive(at_g,0),c_primitive(carry,0))', 'b_inclusion(r_primitive(at_g,0,1),r_primitive(at,0,1))']","[-3.9988017962952846, 1.9988, -0.0012, 0.0, -1.0, -1.0, 2.9988, 3.9988]","[1.0, 1.0, 1.0, 1.0, 1.0, 3.0, 3.0]",7.0
L0,1.76403e-16,7.0,55,0.9999999999999994,3.5705837058290445e-08,1.8803845743679114e-15,"['F_0', 'F_1', 'F_2', 'F_3', 'F_4', 'b_inclusion(c_primitive(at_g,0),c_primitive(carry,0))', 'b_inclusion(r_primitive(at_g,0,1),r_primitive(at,0,1))']","[-3.998801823728532, 1.9988, -0.0012, 0.0, -1.0, -1.0, 2.9988, 3.9988]","[1.0, 1.0, 1.0, 1.0, 1.0, 3.0, 3.0]",7.0
L0,3.70621e-17,8.0,55,0.9999999999999998,2.1344923137383254e-08,6.228014613720148e-16,"['F_0', 'F_1', 'F_2', 'F_3', 'F_4', 'b_inclusion(c_primitive(at_g,0),c_primitive(carry,0))', 'b_inclusion(r_primitive(at_g,0,1),r_primitive(at,0,1))', 'n_count(c_or(c_primitive(at-robby,0),c_primitive(at_g,1)))']","[-3.998801769336506, 1.9988, -0.0012, 0.0, -1.0, -1.0, 2.9988, 3.9988, -0.0]","[1.0, 1.0, 1.0, 1.0, 1.0, 3.0, 3.0, 4.0]",8.0
L0,0.405074,0.0,65,-7.014001911808531e+30,1.5757162346521145,3.1123529422712917,[],[-1.8362892223738063],[],0.0
L0,0.401024,1.0,65,0.765658905989441,0.6570879194555843,0.5908838302296667,"['n_role_distance(r_primitive(at,0,1),r_top,r_primitive(at_g,0,1))']","[-0.6201298701298705, -3.2895]",[4.0],1.0
L0,0.0433898,2.0,65,0.9138043359968799,0.3288515223501247,0.2469782495017004,"['b_inclusion(c_primitive(at_g,0),c_primitive(carry,0))', 'n_role_distance(r_primitive(at,0,1),r_top,r_primitive(at_g,0,1))']","[-4.837834718784961e-05, -1.4999, -3.9095]","[3.0, 4.0]",2.0
L0,0.00989351,4.0,65,0.9786229628188162,0.1303662063831734,0.06514325968192652,"['F_0', 'F_4', 'b_inclusion(c_primitive(at_g,0),c_primitive(carry,0))', 'n_role_distance(r_primitive(at,0,1),r_top,r_primitive(at_g,0,1))']","[8.387449373592482e-05, 1.0003, -1.0, -1.5002, -4.0002]","[1.0, 1.0, 3.0, 4.0]",4.0
L0,0.00595918,5.0,65,0.9999999972051716,6.615395234836696e-05,8.698371232927481e-09,"['F_0', 'F_4', 'b_inclusion(c_primitive(at_g,0),c_primitive(carry,0))', 'n_role_distance(r_primitive(at,0,1),r_top,r_primitive(at_g,0,1))', 'n_concept_distance(c_primitive(carry,0),r_primitive(at_g,0,1),c_primitive(at-robby,0))']","[-1.9251019391042234e-05, 1.0, -1.0001, -2.0002, -3.9999, 1.0003]","[1.0, 1.0, 3.0, 4.0, 4.0]",5.0
L0,4.59767e-10,5.0,65,0.9999999999999997,2.743599255787015e-08,1.1755351529604765e-15,"['F_0', 'F_4', 'b_inclusion(c_primitive(at_g,0),c_primitive(carry,0))', 'n_role_distance(r_primitive(at,0,1),r_top,r_primitive(at_g,0,1))', 'n_concept_distance(c_primitive(carry,0),r_primitive(at_g,0,1),c_primitive(at-robby,0))']","[-1.5685112542129787e-08, 1.0, -1.0, -2.0, -4.0, 1.0]","[1.0, 1.0, 3.0, 4.0, 4.0]",5.0
L0,1.34408e-16,5.0,65,0.9999999999999999,1.208690777933569e-08,1.9135488857285544e-16,"['F_0', 'F_4', 'b_inclusion(c_primitive(at_g,0),c_primitive(carry,0))', 'n_role_distance(r_primitive(at,0,1),r_top,r_primitive(at_g,0,1))', 'n_concept_distance(c_primitive(carry,0),r_primitive(at_g,0,1),c_primitive(at-robby,0))']","[-5.073340192396358e-09, 1.0, -1.0, -2.0, -4.0, 1.0]","[1.0, 1.0, 3.0, 4.0, 4.0]",5.0
L0,2.63703e-17,5.0,65,1.0,6.0579709176901576e-09,5.151172979488389e-17,"['F_0', 'F_4', 'b_inclusion(c_primitive(at_g,0),c_primitive(carry,0))', 'n_role_distance(r_primitive(at,0,1),r_top,r_primitive(at_g,0,1))', 'n_concept_distance(c_primitive(carry,0),r_primitive(at_g,0,1),c_primitive(at-robby,0))']","[-3.841725160214082e-09, 1.0, -1.0, -2.0, -4.0, 1.0]","[1.0, 1.0, 3.0, 4.0, 4.0]",5.0
L0,5.10013e-18,6.0,65,1.0,2.442105098407344e-09,7.777444713343587e-18,"['F_0', 'F_1', 'F_4', 'b_inclusion(c_primitive(at_g,0),c_primitive(carry,0))', 'n_role_distance(r_primitive(at,0,1),r_top,r_primitive(at_g,0,1))', 'n_concept_distance(c_primitive(carry,0),r_primitive(at_g,0,1),c_primitive(at-robby,0))']","[-1.408475336361903e-09, 1.0, -0.0, -1.0, -2.0, -4.0, 1.0]","[1.0, 1.0, 1.0, 3.0, 4.0, 4.0]",6.0
L0,2.10515e-19,6.0,65,1.0,1.0877034080155943e-09,2.4212380431646023e-18,"['F_0', 'F_1', 'F_4', 'b_inclusion(c_primitive(at_g,0),c_primitive(carry,0))', 'n_role_distance(r_primitive(at,0,1),r_top,r_primitive(at_g,0,1))', 'n_concept_distance(c_primitive(carry,0),r_primitive(at_g,0,1),c_primitive(at-robby,0))']","[-2.562896561641992e-10, 1.0, -0.0, -1.0, -2.0, -4.0, 1.0]","[1.0, 1.0, 1.0, 3.0, 4.0, 4.0]",6.0
L0,8.50198e-20,6.0,65,1.0,3.4970146257302407e-10,1.9001100800744755e-19,"['F_0', 'F_1', 'F_4', 'b_inclusion(c_primitive(at_g,0),c_primitive(carry,0))', 'n_role_distance(r_primitive(at,0,1),r_top,r_primitive(at_g,0,1))', 'n_concept_distance(c_primitive(carry,0),r_primitive(at_g,0,1),c_primitive(at-robby,0))']","[-1.9561396946699006e-10, 1.0, -0.0, -1.0, -2.0, -4.0, 1.0]","[1.0, 1.0, 1.0, 3.0, 4.0, 4.0]",6.0
L0,7.77742e-21,6.0,65,1.0,2.045859437597953e-10,6.927825281857776e-20,"['F_0', 'F_1', 'F_4', 'b_inclusion(c_primitive(at_g,0),c_primitive(carry,0))', 'n_role_distance(r_primitive(at,0,1),r_top,r_primitive(at_g,0,1))', 'n_concept_distance(c_primitive(carry,0),r_primitive(at_g,0,1),c_primitive(at-robby,0))']","[7.58859641791787e-12, 1.0, -0.0, -1.0, -2.0, -4.0, 1.0]","[1.0, 1.0, 1.0, 3.0, 4.0, 4.0]",6.0
L0,2.7151499999999997e-21,7.0,65,1.0,1.0981665042194594e-10,1.5643333508131387e-20,"['F_0', 'F_1', 'F_4', 'b_empty(c_primitive(free,0))', 'b_inclusion(c_primitive(at_g,0),c_primitive(carry,0))', 'n_role_distance(r_primitive(at,0,1),r_top,r_primitive(at_g,0,1))', 'n_concept_distance(c_primitive(carry,0),r_primitive(at_g,0,1),c_primitive(at-robby,0))']","[-1.5178902579293663e-10, 1.0, -0.0, -1.0, 0.0, -2.0, -4.0, 1.0]","[1.0, 1.0, 1.0, 2.0, 3.0, 4.0, 4.0]",7.0
L0,4.75132e-22,7.0,65,1.0,7.788120137303165e-11,7.189676018441036e-21,"['F_0', 'F_1', 'F_4', 'b_empty(c_primitive(free,0))', 'b_inclusion(c_primitive(at_g,0),c_primitive(carry,0))', 'n_role_distance(r_primitive(at,0,1),r_top,r_primitive(at_g,0,1))', 'n_concept_distance(c_primitive(carry,0),r_primitive(at_g,0,1),c_primitive(at-robby,0))']","[-8.391087824577426e-11, 1.0, -0.0, -1.0, 0.0, -2.0, -4.0, 1.0]","[1.0, 1.0, 1.0, 2.0, 3.0, 4.0, 4.0]",7.0
L0,3.20207e-22,7.0,65,1.0,3.994251560031965e-11,2.280170454583316e-21,"['F_0', 'F_1', 'F_4', 'b_empty(c_primitive(free,0))', 'b_inclusion(c_primitive(at_g,0),c_primitive(carry,0))', 'n_role_distance(r_primitive(at,0,1),r_top,r_primitive(at_g,0,1))', 'n_concept_distance(c_primitive(carry,0),r_primitive(at_g,0,1),c_primitive(at-robby,0))']","[-2.851807678894147e-11, 1.0, -0.0, -1.0, 0.0, -2.0, -4.0, 1.0]","[1.0, 1.0, 1.0, 2.0, 3.0, 4.0, 4.0]",7.0
L0,1.02061e-22,7.0,65,1.0,2.5974599911502193e-11,8.789552751072654e-22,"['F_0', 'F_1', 'F_4', 'b_empty(c_primitive(free,0))', 'b_inclusion(c_primitive(at_g,0),c_primitive(carry,0))', 'n_role_distance(r_primitive(at,0,1),r_top,r_primitive(at_g,0,1))', 'n_concept_distance(c_primitive(carry,0),r_primitive(at_g,0,1),c_primitive(at-robby,0))']","[-1.2816636640877732e-11, 1.0, -0.0, -1.0, 0.0, -2.0, -4.0, 1.0]","[1.0, 1.0, 1.0, 2.0, 3.0, 4.0, 4.0]",7.0
L0,3.24215e-23,8.0,65,1.0,1.3325966244801568e-11,2.5137905149205035e-22,"['F_0', 'F_1', 'F_4', 'b_empty(c_primitive(free,0))', 'b_inclusion(c_primitive(at_g,0),c_primitive(carry,0))', 'n_sum_concept_distance(c_primitive(room,0),r_primitive(at_g,0,1),c_primitive(carry,0))', 'n_role_distance(r_primitive(at,0,1),r_top,r_primitive(at_g,0,1))', 'n_concept_distance(c_primitive(carry,0),r_primitive(at_g,0,1),c_primitive(at-robby,0))']","[-1.9157342379116926e-11, 1.0, -0.0, -1.0, 0.0, -2.0, 0.0, -4.0, 1.0]","[1.0, 1.0, 1.0, 2.0, 3.0, 3.0, 4.0, 4.0]",8.0
L0,0.405074,0.0,75,-7.014001911808531e+30,1.5757162346521145,3.1123529422712917,[],[-1.8362892223738063],[],0.0
L0,0.401024,1.0,75,0.765658905989441,0.6570879194555843,0.5908838302296667,"['n_role_distance(r_primitive(at,0,1),r_top,r_primitive(at_g,0,1))']","[-0.6201298701298705, -3.2895]",[4.0],1.0
L0,0.0433898,2.0,75,0.9138043359968799,0.3288515223501247,0.2469782495017004,"['b_inclusion(c_primitive(at_g,0),c_primitive(carry,0))', 'n_role_distance(r_primitive(at,0,1),r_top,r_primitive(at_g,0,1))']","[-4.837834718784961e-05, -1.4999, -3.9095]","[3.0, 4.0]",2.0
L0,0.00989351,4.0,75,0.9786229628188162,0.1303662063831734,0.06514325968192652,"['F_0', 'F_4', 'b_inclusion(c_primitive(at_g,0),c_primitive(carry,0))', 'n_role_distance(r_primitive(at,0,1),r_top,r_primitive(at_g,0,1))']","[8.387449373592482e-05, 1.0003, -1.0, -1.5002, -4.0002]","[1.0, 1.0, 3.0, 4.0]",4.0
L0,0.00595918,5.0,75,0.9999999972051716,6.615395234836696e-05,8.698371232927481e-09,"['F_0', 'F_4', 'b_inclusion(c_primitive(at_g,0),c_primitive(carry,0))', 'n_role_distance(r_primitive(at,0,1),r_top,r_primitive(at_g,0,1))', 'n_concept_distance(c_primitive(carry,0),r_primitive(at_g,0,1),c_primitive(at-robby,0))']","[-1.9251019391042234e-05, 1.0, -1.0001, -2.0002, -3.9999, 1.0003]","[1.0, 1.0, 3.0, 4.0, 4.0]",5.0
L0,4.59767e-10,5.0,75,0.9999999999999997,2.743599255787015e-08,1.1755351529604765e-15,"['F_0', 'F_4', 'b_inclusion(c_primitive(at_g,0),c_primitive(carry,0))', 'n_role_distance(r_primitive(at,0,1),r_top,r_primitive(at_g,0,1))', 'n_concept_distance(c_primitive(carry,0),r_primitive(at_g,0,1),c_primitive(at-robby,0))']","[-1.5685112542129787e-08, 1.0, -1.0, -2.0, -4.0, 1.0]","[1.0, 1.0, 3.0, 4.0, 4.0]",5.0
L0,1.34408e-16,5.0,75,0.9999999999999999,1.208690777933569e-08,1.9135488857285544e-16,"['F_0', 'F_4', 'b_inclusion(c_primitive(at_g,0),c_primitive(carry,0))', 'n_role_distance(r_primitive(at,0,1),r_top,r_primitive(at_g,0,1))', 'n_concept_distance(c_primitive(carry,0),r_primitive(at_g,0,1),c_primitive(at-robby,0))']","[-5.073340192396358e-09, 1.0, -1.0, -2.0, -4.0, 1.0]","[1.0, 1.0, 3.0, 4.0, 4.0]",5.0
L0,2.63703e-17,5.0,75,1.0,6.0579709176901576e-09,5.151172979488389e-17,"['F_0', 'F_4', 'b_inclusion(c_primitive(at_g,0),c_primitive(carry,0))', 'n_role_distance(r_primitive(at,0,1),r_top,r_primitive(at_g,0,1))', 'n_concept_distance(c_primitive(carry,0),r_primitive(at_g,0,1),c_primitive(at-robby,0))']","[-3.841725160214082e-09, 1.0, -1.0, -2.0, -4.0, 1.0]","[1.0, 1.0, 3.0, 4.0, 4.0]",5.0
L0,5.10013e-18,6.0,75,1.0,2.442105098407344e-09,7.777444713343587e-18,"['F_0', 'F_1', 'F_4', 'b_inclusion(c_primitive(at_g,0),c_primitive(carry,0))', 'n_role_distance(r_primitive(at,0,1),r_top,r_primitive(at_g,0,1))', 'n_concept_distance(c_primitive(carry,0),r_primitive(at_g,0,1),c_primitive(at-robby,0))']","[-1.408475336361903e-09, 1.0, -0.0, -1.0, -2.0, -4.0, 1.0]","[1.0, 1.0, 1.0, 3.0, 4.0, 4.0]",6.0
L0,2.10515e-19,6.0,75,1.0,1.0877034080155943e-09,2.4212380431646023e-18,"['F_0', 'F_1', 'F_4', 'b_inclusion(c_primitive(at_g,0),c_primitive(carry,0))', 'n_role_distance(r_primitive(at,0,1),r_top,r_primitive(at_g,0,1))', 'n_concept_distance(c_primitive(carry,0),r_primitive(at_g,0,1),c_primitive(at-robby,0))']","[-2.562896561641992e-10, 1.0, -0.0, -1.0, -2.0, -4.0, 1.0]","[1.0, 1.0, 1.0, 3.0, 4.0, 4.0]",6.0
L0,8.50198e-20,6.0,75,1.0,3.4970146257302407e-10,1.9001100800744755e-19,"['F_0', 'F_1', 'F_4', 'b_inclusion(c_primitive(at_g,0),c_primitive(carry,0))', 'n_role_distance(r_primitive(at,0,1),r_top,r_primitive(at_g,0,1))', 'n_concept_distance(c_primitive(carry,0),r_primitive(at_g,0,1),c_primitive(at-robby,0))']","[-1.9561396946699006e-10, 1.0, -0.0, -1.0, -2.0, -4.0, 1.0]","[1.0, 1.0, 1.0, 3.0, 4.0, 4.0]",6.0
L0,7.77742e-21,6.0,75,1.0,2.045859437597953e-10,6.927825281857776e-20,"['F_0', 'F_1', 'F_4', 'b_inclusion(c_primitive(at_g,0),c_primitive(carry,0))', 'n_role_distance(r_primitive(at,0,1),r_top,r_primitive(at_g,0,1))', 'n_concept_distance(c_primitive(carry,0),r_primitive(at_g,0,1),c_primitive(at-robby,0))']","[7.58859641791787e-12, 1.0, -0.0, -1.0, -2.0, -4.0, 1.0]","[1.0, 1.0, 1.0, 3.0, 4.0, 4.0]",6.0
L0,2.7151499999999997e-21,7.0,75,1.0,1.0981665042194594e-10,1.5643333508131387e-20,"['F_0', 'F_1', 'F_4', 'b_empty(c_primitive(free,0))', 'b_inclusion(c_primitive(at_g,0),c_primitive(carry,0))', 'n_role_distance(r_primitive(at,0,1),r_top,r_primitive(at_g,0,1))', 'n_concept_distance(c_primitive(carry,0),r_primitive(at_g,0,1),c_primitive(at-robby,0))']","[-1.5178902579293663e-10, 1.0, -0.0, -1.0, 0.0, -2.0, -4.0, 1.0]","[1.0, 1.0, 1.0, 2.0, 3.0, 4.0, 4.0]",7.0
L0,4.75132e-22,7.0,75,1.0,7.788120137303165e-11,7.189676018441036e-21,"['F_0', 'F_1', 'F_4', 'b_empty(c_primitive(free,0))', 'b_inclusion(c_primitive(at_g,0),c_primitive(carry,0))', 'n_role_distance(r_primitive(at,0,1),r_top,r_primitive(at_g,0,1))', 'n_concept_distance(c_primitive(carry,0),r_primitive(at_g,0,1),c_primitive(at-robby,0))']","[-8.391087824577426e-11, 1.0, -0.0, -1.0, 0.0, -2.0, -4.0, 1.0]","[1.0, 1.0, 1.0, 2.0, 3.0, 4.0, 4.0]",7.0
L0,3.20207e-22,7.0,75,1.0,3.994251560031965e-11,2.280170454583316e-21,"['F_0', 'F_1', 'F_4', 'b_empty(c_primitive(free,0))', 'b_inclusion(c_primitive(at_g,0),c_primitive(carry,0))', 'n_role_distance(r_primitive(at,0,1),r_top,r_primitive(at_g,0,1))', 'n_concept_distance(c_primitive(carry,0),r_primitive(at_g,0,1),c_primitive(at-robby,0))']","[-2.851807678894147e-11, 1.0, -0.0, -1.0, 0.0, -2.0, -4.0, 1.0]","[1.0, 1.0, 1.0, 2.0, 3.0, 4.0, 4.0]",7.0
L0,1.02061e-22,7.0,75,1.0,2.5974599911502193e-11,8.789552751072654e-22,"['F_0', 'F_1', 'F_4', 'b_empty(c_primitive(free,0))', 'b_inclusion(c_primitive(at_g,0),c_primitive(carry,0))', 'n_role_distance(r_primitive(at,0,1),r_top,r_primitive(at_g,0,1))', 'n_concept_distance(c_primitive(carry,0),r_primitive(at_g,0,1),c_primitive(at-robby,0))']","[-1.2816636640877732e-11, 1.0, -0.0, -1.0, 0.0, -2.0, -4.0, 1.0]","[1.0, 1.0, 1.0, 2.0, 3.0, 4.0, 4.0]",7.0
L0,3.24215e-23,8.0,75,1.0,1.3325966244801568e-11,2.5137905149205035e-22,"['F_0', 'F_1', 'F_4', 'b_empty(c_primitive(free,0))', 'b_inclusion(c_primitive(at_g,0),c_primitive(carry,0))', 'n_sum_concept_distance(c_primitive(room,0),r_primitive(at_g,0,1),c_primitive(carry,0))', 'n_role_distance(r_primitive(at,0,1),r_top,r_primitive(at_g,0,1))', 'n_concept_distance(c_primitive(carry,0),r_primitive(at_g,0,1),c_primitive(at-robby,0))']","[-1.9157342379116926e-11, 1.0, -0.0, -1.0, 0.0, -2.0, 0.0, -4.0, 1.0]","[1.0, 1.0, 1.0, 2.0, 3.0, 3.0, 4.0, 4.0]",8.0
L0,0.405074,0.0,85,-7.014001911808531e+30,1.5757162346521145,3.1123529422712917,[],[-1.8362892223738063],[],0.0
L0,0.401024,1.0,85,0.765658905989441,0.6570879194555843,0.5908838302296667,"['n_role_distance(r_primitive(at,0,1),r_top,r_primitive(at_g,0,1))']","[-0.6201298701298705, -3.2895]",[4.0],1.0
L0,0.0433898,2.0,85,0.9138043359968799,0.3288515223501247,0.2469782495017004,"['b_inclusion(c_primitive(at_g,0),c_primitive(carry,0))', 'n_role_distance(r_primitive(at,0,1),r_top,r_primitive(at_g,0,1))']","[-4.837834718784961e-05, -1.4999, -3.9095]","[3.0, 4.0]",2.0
L0,0.00989351,4.0,85,0.9786229628188162,0.1303662063831734,0.06514325968192652,"['F_0', 'F_4', 'b_inclusion(c_primitive(at_g,0),c_primitive(carry,0))', 'n_role_distance(r_primitive(at,0,1),r_top,r_primitive(at_g,0,1))']","[8.387449373592482e-05, 1.0003, -1.0, -1.5002, -4.0002]","[1.0, 1.0, 3.0, 4.0]",4.0
L0,0.00595918,5.0,85,0.9999999972051716,6.615395234836696e-05,8.698371232927481e-09,"['F_0', 'F_4', 'b_inclusion(c_primitive(at_g,0),c_primitive(carry,0))', 'n_role_distance(r_primitive(at,0,1),r_top,r_primitive(at_g,0,1))', 'n_concept_distance(c_primitive(carry,0),r_primitive(at_g,0,1),c_primitive(at-robby,0))']","[-1.9251019391042234e-05, 1.0, -1.0001, -2.0002, -3.9999, 1.0003]","[1.0, 1.0, 3.0, 4.0, 4.0]",5.0
L0,4.59767e-10,5.0,85,0.9999999999999997,2.743599255787015e-08,1.1755351529604765e-15,"['F_0', 'F_4', 'b_inclusion(c_primitive(at_g,0),c_primitive(carry,0))', 'n_role_distance(r_primitive(at,0,1),r_top,r_primitive(at_g,0,1))', 'n_concept_distance(c_primitive(carry,0),r_primitive(at_g,0,1),c_primitive(at-robby,0))']","[-1.5685112542129787e-08, 1.0, -1.0, -2.0, -4.0, 1.0]","[1.0, 1.0, 3.0, 4.0, 4.0]",5.0
L0,1.34408e-16,5.0,85,0.9999999999999999,1.208690777933569e-08,1.9135488857285544e-16,"['F_0', 'F_4', 'b_inclusion(c_primitive(at_g,0),c_primitive(carry,0))', 'n_role_distance(r_primitive(at,0,1),r_top,r_primitive(at_g,0,1))', 'n_concept_distance(c_primitive(carry,0),r_primitive(at_g,0,1),c_primitive(at-robby,0))']","[-5.073340192396358e-09, 1.0, -1.0, -2.0, -4.0, 1.0]","[1.0, 1.0, 3.0, 4.0, 4.0]",5.0
L0,2.63703e-17,5.0,85,1.0,6.0579709176901576e-09,5.151172979488389e-17,"['F_0', 'F_4', 'b_inclusion(c_primitive(at_g,0),c_primitive(carry,0))', 'n_role_distance(r_primitive(at,0,1),r_top,r_primitive(at_g,0,1))', 'n_concept_distance(c_primitive(carry,0),r_primitive(at_g,0,1),c_primitive(at-robby,0))']","[-3.841725160214082e-09, 1.0, -1.0, -2.0, -4.0, 1.0]","[1.0, 1.0, 3.0, 4.0, 4.0]",5.0
L0,5.10013e-18,6.0,85,1.0,2.442105098407344e-09,7.777444713343587e-18,"['F_0', 'F_1', 'F_4', 'b_inclusion(c_primitive(at_g,0),c_primitive(carry,0))', 'n_role_distance(r_primitive(at,0,1),r_top,r_primitive(at_g,0,1))', 'n_concept_distance(c_primitive(carry,0),r_primitive(at_g,0,1),c_primitive(at-robby,0))']","[-1.408475336361903e-09, 1.0, -0.0, -1.0, -2.0, -4.0, 1.0]","[1.0, 1.0, 1.0, 3.0, 4.0, 4.0]",6.0
L0,2.10515e-19,6.0,85,1.0,1.0877034080155943e-09,2.4212380431646023e-18,"['F_0', 'F_1', 'F_4', 'b_inclusion(c_primitive(at_g,0),c_primitive(carry,0))', 'n_role_distance(r_primitive(at,0,1),r_top,r_primitive(at_g,0,1))', 'n_concept_distance(c_primitive(carry,0),r_primitive(at_g,0,1),c_primitive(at-robby,0))']","[-2.562896561641992e-10, 1.0, -0.0, -1.0, -2.0, -4.0, 1.0]","[1.0, 1.0, 1.0, 3.0, 4.0, 4.0]",6.0
L0,8.50198e-20,6.0,85,1.0,3.4970146257302407e-10,1.9001100800744755e-19,"['F_0', 'F_1', 'F_4', 'b_inclusion(c_primitive(at_g,0),c_primitive(carry,0))', 'n_role_distance(r_primitive(at,0,1),r_top,r_primitive(at_g,0,1))', 'n_concept_distance(c_primitive(carry,0),r_primitive(at_g,0,1),c_primitive(at-robby,0))']","[-1.9561396946699006e-10, 1.0, -0.0, -1.0, -2.0, -4.0, 1.0]","[1.0, 1.0, 1.0, 3.0, 4.0, 4.0]",6.0
L0,7.77742e-21,6.0,85,1.0,2.045859437597953e-10,6.927825281857776e-20,"['F_0', 'F_1', 'F_4', 'b_inclusion(c_primitive(at_g,0),c_primitive(carry,0))', 'n_role_distance(r_primitive(at,0,1),r_top,r_primitive(at_g,0,1))', 'n_concept_distance(c_primitive(carry,0),r_primitive(at_g,0,1),c_primitive(at-robby,0))']","[7.58859641791787e-12, 1.0, -0.0, -1.0, -2.0, -4.0, 1.0]","[1.0, 1.0, 1.0, 3.0, 4.0, 4.0]",6.0
L0,2.7151499999999997e-21,7.0,85,1.0,1.0981665042194594e-10,1.5643333508131387e-20,"['F_0', 'F_1', 'F_4', 'b_empty(c_primitive(free,0))', 'b_inclusion(c_primitive(at_g,0),c_primitive(carry,0))', 'n_role_distance(r_primitive(at,0,1),r_top,r_primitive(at_g,0,1))', 'n_concept_distance(c_primitive(carry,0),r_primitive(at_g,0,1),c_primitive(at-robby,0))']","[-1.5178902579293663e-10, 1.0, -0.0, -1.0, 0.0, -2.0, -4.0, 1.0]","[1.0, 1.0, 1.0, 2.0, 3.0, 4.0, 4.0]",7.0
L0,4.75132e-22,7.0,85,1.0,7.788120137303165e-11,7.189676018441036e-21,"['F_0', 'F_1', 'F_4', 'b_empty(c_primitive(free,0))', 'b_inclusion(c_primitive(at_g,0),c_primitive(carry,0))', 'n_role_distance(r_primitive(at,0,1),r_top,r_primitive(at_g,0,1))', 'n_concept_distance(c_primitive(carry,0),r_primitive(at_g,0,1),c_primitive(at-robby,0))']","[-8.391087824577426e-11, 1.0, -0.0, -1.0, 0.0, -2.0, -4.0, 1.0]","[1.0, 1.0, 1.0, 2.0, 3.0, 4.0, 4.0]",7.0
L0,3.20207e-22,7.0,85,1.0,3.994251560031965e-11,2.280170454583316e-21,"['F_0', 'F_1', 'F_4', 'b_empty(c_primitive(free,0))', 'b_inclusion(c_primitive(at_g,0),c_primitive(carry,0))', 'n_role_distance(r_primitive(at,0,1),r_top,r_primitive(at_g,0,1))', 'n_concept_distance(c_primitive(carry,0),r_primitive(at_g,0,1),c_primitive(at-robby,0))']","[-2.851807678894147e-11, 1.0, -0.0, -1.0, 0.0, -2.0, -4.0, 1.0]","[1.0, 1.0, 1.0, 2.0, 3.0, 4.0, 4.0]",7.0
L0,1.02061e-22,7.0,85,1.0,2.5974599911502193e-11,8.789552751072654e-22,"['F_0', 'F_1', 'F_4', 'b_empty(c_primitive(free,0))', 'b_inclusion(c_primitive(at_g,0),c_primitive(carry,0))', 'n_role_distance(r_primitive(at,0,1),r_top,r_primitive(at_g,0,1))', 'n_concept_distance(c_primitive(carry,0),r_primitive(at_g,0,1),c_primitive(at-robby,0))']","[-1.2816636640877732e-11, 1.0, -0.0, -1.0, 0.0, -2.0, -4.0, 1.0]","[1.0, 1.0, 1.0, 2.0, 3.0, 4.0, 4.0]",7.0
L0,3.24215e-23,8.0,85,1.0,1.3325966244801568e-11,2.5137905149205035e-22,"['F_0', 'F_1', 'F_4', 'b_empty(c_primitive(free,0))', 'b_inclusion(c_primitive(at_g,0),c_primitive(carry,0))', 'n_sum_concept_distance(c_primitive(room,0),r_primitive(at_g,0,1),c_primitive(carry,0))', 'n_role_distance(r_primitive(at,0,1),r_top,r_primitive(at_g,0,1))', 'n_concept_distance(c_primitive(carry,0),r_primitive(at_g,0,1),c_primitive(at-robby,0))']","[-1.9157342379116926e-11, 1.0, -0.0, -1.0, 0.0, -2.0, 0.0, -4.0, 1.0]","[1.0, 1.0, 1.0, 2.0, 3.0, 3.0, 4.0, 4.0]",8.0
L0,0.405074,0.0,91,-7.014001911808531e+30,1.5757162346521145,3.1123529422712917,[],[-1.8362892223738063],[],0.0
L0,0.401024,1.0,91,0.765658905989441,0.6570879194555843,0.5908838302296667,"['n_role_distance(r_primitive(at,0,1),r_top,r_primitive(at_g,0,1))']","[-0.6201298701298705, -3.2895]",[4.0],1.0
L0,0.0433898,2.0,91,0.9138043359968799,0.3288515223501247,0.2469782495017004,"['b_inclusion(c_primitive(at_g,0),c_primitive(carry,0))', 'n_role_distance(r_primitive(at,0,1),r_top,r_primitive(at_g,0,1))']","[-4.837834718784961e-05, -1.4999, -3.9095]","[3.0, 4.0]",2.0
L0,0.00989351,4.0,91,0.9786229628188162,0.1303662063831734,0.06514325968192652,"['F_0', 'F_4', 'b_inclusion(c_primitive(at_g,0),c_primitive(carry,0))', 'n_role_distance(r_primitive(at,0,1),r_top,r_primitive(at_g,0,1))']","[8.387449373592482e-05, 1.0003, -1.0, -1.5002, -4.0002]","[1.0, 1.0, 3.0, 4.0]",4.0
L0,0.00595918,5.0,91,0.9999999972051716,6.615395234836696e-05,8.698371232927481e-09,"['F_0', 'F_4', 'b_inclusion(c_primitive(at_g,0),c_primitive(carry,0))', 'n_role_distance(r_primitive(at,0,1),r_top,r_primitive(at_g,0,1))', 'n_concept_distance(c_primitive(carry,0),r_primitive(at_g,0,1),c_primitive(at-robby,0))']","[-1.9251019391042234e-05, 1.0, -1.0001, -2.0002, -3.9999, 1.0003]","[1.0, 1.0, 3.0, 4.0, 4.0]",5.0
L0,4.59767e-10,5.0,91,0.9999999999999997,2.743599255787015e-08,1.1755351529604765e-15,"['F_0', 'F_4', 'b_inclusion(c_primitive(at_g,0),c_primitive(carry,0))', 'n_role_distance(r_primitive(at,0,1),r_top,r_primitive(at_g,0,1))', 'n_concept_distance(c_primitive(carry,0),r_primitive(at_g,0,1),c_primitive(at-robby,0))']","[-1.5685112542129787e-08, 1.0, -1.0, -2.0, -4.0, 1.0]","[1.0, 1.0, 3.0, 4.0, 4.0]",5.0
L0,1.34408e-16,5.0,91,0.9999999999999999,1.208690777933569e-08,1.9135488857285544e-16,"['F_0', 'F_4', 'b_inclusion(c_primitive(at_g,0),c_primitive(carry,0))', 'n_role_distance(r_primitive(at,0,1),r_top,r_primitive(at_g,0,1))', 'n_concept_distance(c_primitive(carry,0),r_primitive(at_g,0,1),c_primitive(at-robby,0))']","[-5.073340192396358e-09, 1.0, -1.0, -2.0, -4.0, 1.0]","[1.0, 1.0, 3.0, 4.0, 4.0]",5.0
L0,2.63703e-17,5.0,91,1.0,6.0579709176901576e-09,5.151172979488389e-17,"['F_0', 'F_4', 'b_inclusion(c_primitive(at_g,0),c_primitive(carry,0))', 'n_role_distance(r_primitive(at,0,1),r_top,r_primitive(at_g,0,1))', 'n_concept_distance(c_primitive(carry,0),r_primitive(at_g,0,1),c_primitive(at-robby,0))']","[-3.841725160214082e-09, 1.0, -1.0, -2.0, -4.0, 1.0]","[1.0, 1.0, 3.0, 4.0, 4.0]",5.0
L0,5.10013e-18,6.0,91,1.0,2.442105098407344e-09,7.777444713343587e-18,"['F_0', 'F_1', 'F_4', 'b_inclusion(c_primitive(at_g,0),c_primitive(carry,0))', 'n_role_distance(r_primitive(at,0,1),r_top,r_primitive(at_g,0,1))', 'n_concept_distance(c_primitive(carry,0),r_primitive(at_g,0,1),c_primitive(at-robby,0))']","[-1.408475336361903e-09, 1.0, -0.0, -1.0, -2.0, -4.0, 1.0]","[1.0, 1.0, 1.0, 3.0, 4.0, 4.0]",6.0
L0,2.10515e-19,6.0,91,1.0,1.0877034080155943e-09,2.4212380431646023e-18,"['F_0', 'F_1', 'F_4', 'b_inclusion(c_primitive(at_g,0),c_primitive(carry,0))', 'n_role_distance(r_primitive(at,0,1),r_top,r_primitive(at_g,0,1))', 'n_concept_distance(c_primitive(carry,0),r_primitive(at_g,0,1),c_primitive(at-robby,0))']","[-2.562896561641992e-10, 1.0, -0.0, -1.0, -2.0, -4.0, 1.0]","[1.0, 1.0, 1.0, 3.0, 4.0, 4.0]",6.0
L0,8.50198e-20,6.0,91,1.0,3.4970146257302407e-10,1.9001100800744755e-19,"['F_0', 'F_1', 'F_4', 'b_inclusion(c_primitive(at_g,0),c_primitive(carry,0))', 'n_role_distance(r_primitive(at,0,1),r_top,r_primitive(at_g,0,1))', 'n_concept_distance(c_primitive(carry,0),r_primitive(at_g,0,1),c_primitive(at-robby,0))']","[-1.9561396946699006e-10, 1.0, -0.0, -1.0, -2.0, -4.0, 1.0]","[1.0, 1.0, 1.0, 3.0, 4.0, 4.0]",6.0
L0,7.77742e-21,6.0,91,1.0,2.045859437597953e-10,6.927825281857776e-20,"['F_0', 'F_1', 'F_4', 'b_inclusion(c_primitive(at_g,0),c_primitive(carry,0))', 'n_role_distance(r_primitive(at,0,1),r_top,r_primitive(at_g,0,1))', 'n_concept_distance(c_primitive(carry,0),r_primitive(at_g,0,1),c_primitive(at-robby,0))']","[7.58859641791787e-12, 1.0, -0.0, -1.0, -2.0, -4.0, 1.0]","[1.0, 1.0, 1.0, 3.0, 4.0, 4.0]",6.0
L0,2.7151499999999997e-21,7.0,91,1.0,1.0981665042194594e-10,1.5643333508131387e-20,"['F_0', 'F_1', 'F_4', 'b_empty(c_primitive(free,0))', 'b_inclusion(c_primitive(at_g,0),c_primitive(carry,0))', 'n_role_distance(r_primitive(at,0,1),r_top,r_primitive(at_g,0,1))', 'n_concept_distance(c_primitive(carry,0),r_primitive(at_g,0,1),c_primitive(at-robby,0))']","[-1.5178902579293663e-10, 1.0, -0.0, -1.0, 0.0, -2.0, -4.0, 1.0]","[1.0, 1.0, 1.0, 2.0, 3.0, 4.0, 4.0]",7.0
L0,4.75132e-22,7.0,91,1.0,7.788120137303165e-11,7.189676018441036e-21,"['F_0', 'F_1', 'F_4', 'b_empty(c_primitive(free,0))', 'b_inclusion(c_primitive(at_g,0),c_primitive(carry,0))', 'n_role_distance(r_primitive(at,0,1),r_top,r_primitive(at_g,0,1))', 'n_concept_distance(c_primitive(carry,0),r_primitive(at_g,0,1),c_primitive(at-robby,0))']","[-8.391087824577426e-11, 1.0, -0.0, -1.0, 0.0, -2.0, -4.0, 1.0]","[1.0, 1.0, 1.0, 2.0, 3.0, 4.0, 4.0]",7.0
L0,3.20207e-22,7.0,91,1.0,3.994251560031965e-11,2.280170454583316e-21,"['F_0', 'F_1', 'F_4', 'b_empty(c_primitive(free,0))', 'b_inclusion(c_primitive(at_g,0),c_primitive(carry,0))', 'n_role_distance(r_primitive(at,0,1),r_top,r_primitive(at_g,0,1))', 'n_concept_distance(c_primitive(carry,0),r_primitive(at_g,0,1),c_primitive(at-robby,0))']","[-2.851807678894147e-11, 1.0, -0.0, -1.0, 0.0, -2.0, -4.0, 1.0]","[1.0, 1.0, 1.0, 2.0, 3.0, 4.0, 4.0]",7.0
L0,1.02061e-22,7.0,91,1.0,2.5974599911502193e-11,8.789552751072654e-22,"['F_0', 'F_1', 'F_4', 'b_empty(c_primitive(free,0))', 'b_inclusion(c_primitive(at_g,0),c_primitive(carry,0))', 'n_role_distance(r_primitive(at,0,1),r_top,r_primitive(at_g,0,1))', 'n_concept_distance(c_primitive(carry,0),r_primitive(at_g,0,1),c_primitive(at-robby,0))']","[-1.2816636640877732e-11, 1.0, -0.0, -1.0, 0.0, -2.0, -4.0, 1.0]","[1.0, 1.0, 1.0, 2.0, 3.0, 4.0, 4.0]",7.0
L0,3.24215e-23,8.0,91,1.0,1.3325966244801568e-11,2.5137905149205035e-22,"['F_0', 'F_1', 'F_4', 'b_empty(c_primitive(free,0))', 'b_inclusion(c_primitive(at_g,0),c_primitive(carry,0))', 'n_sum_concept_distance(c_primitive(room,0),r_primitive(at_g,0,1),c_primitive(carry,0))', 'n_role_distance(r_primitive(at,0,1),r_top,r_primitive(at_g,0,1))', 'n_concept_distance(c_primitive(carry,0),r_primitive(at_g,0,1),c_primitive(at-robby,0))']","[-1.9157342379116926e-11, 1.0, -0.0, -1.0, 0.0, -2.0, 0.0, -4.0, 1.0]","[1.0, 1.0, 1.0, 2.0, 3.0, 3.0, 4.0, 4.0]",8.0
